zyy@google.com ### Yurii Zubrytskyi <zyy@google.com>
dgross@google.com ### David Gross <dgross@google.com>
jdong.android@gmail.com ### James Dong <jdong.android@gmail.com>
cferris@google.com ### Christopher Ferris <cferris@google.com>
narayan@google.com ### Narayan Kamath <narayan@google.com>
derat@google.com ### Daniel Erat <derat@google.com>
sadmac@google.com ### Casey Dahlin <sadmac@google.com>
mwills@google.com ### Mitchell Wills <mwills@google.com>
rdayal@google.com ### Rajeev Dayal <rdayal@google.com>
iancottrell@google.com ### Ian Cottrell <iancottrell@google.com>
mathieuc@google.com ### Mathieu Chartier <mathieuc@google.com>
vsiva@google.com ### Siva Velusamy <vsiva@google.com>
irogers@google.com ### Ian Rogers <irogers@google.com>
alockwood@google.com ### Alex Lockwood <alockwood@google.com>
serguei.i.katkov@intel.com ### Serguei I Katkov <serguei.i.katkov@intel.com>
xav@google.com ### Xavier Ducrohet <xav@google.com>
yamauchi@google.com ### Hiroshi Yamauchi <yamauchi@google.com>
srikchin@codeaurora.org ### Srikanth Chintala <srikchin@codeaurora.org>
nharold@google.com ### nharold <nharold@google.com>
jplesot@google.com ### Jean-Philippe Lesot <jplesot@google.com>
digit@google.com ### David Turner <digit@google.com>
yura@google.com ### Yura . <yura@google.com>
pavlin@google.com ### Pavlin Radoslavov <pavlin@google.com>
benoitlamarche@google.com ### Benoit Lamarche <benoitlamarche@google.com>
dimitry@google.com ### Dimitry Ivanov <dimitry@google.com>
asapperstein@google.com ### Andrew Sapperstein <asapperstein@google.com>
jpa@google.com ### JP Abgrall <jpa@google.com>
srhines@google.com ### Stephen Hines <srhines@google.com>
agampe@google.com ### Andreas Gampe <agampe@google.com>
oth@google.com ### Orion Hodson <oth@google.com>
rgreenwalt@google.com ### Robert Greenwalt <rgreenwalt@google.com>
iam@google.com ### Igor Murashkin <iam@google.com>
shertz@google.com ### Sebastien Hertz <shertz@google.com>
gkasten@android.com ### Glenn Kasten <gkasten@android.com>
ngeoffray@google.com ### Nicolas Geoffray <ngeoffray@google.com>
john.stultz@linaro.org ### John Stultz <john.stultz@linaro.org>
jbakermalone@google.com ### Joe Baker-Malone <jbakermalone@google.com>
bclayton@google.com ### Ben Clayton <bclayton@google.com>
rileyspahn@google.com ### Riley Spahn <rileyspahn@google.com>
enh@google.com ### Elliott Hughes <enh@google.com>
dallison@google.com ### Dave Allison <dallison@google.com>
dwkang@google.com ### Dongwon Kang <dwkang@google.com>
limpbizkit@gmail.com ### Jesse Wilson <limpbizkit@gmail.com>
raphael@google.com ### raphael <raphael@google.com>
danalbert@google.com ### Dan Albert <danalbert@google.com>
lorenzo@google.com ### Lorenzo Colitti <lorenzo@google.com>
stevefung@google.com ### Steve Fung <stevefung@google.com>
bdc@google.com ### Brian Carlstrom <bdc@google.com>
ddrone@google.com ### Andrew Shulaev <ddrone@google.com>
tomlu@google.com ### Tom Lundell <tomlu@google.com>
smoreland@google.com ### Steven Moreland <smoreland@google.com>
mark.p.mendell@intel.com ### Mark P Mendell <mark.p.mendell@intel.com>
calin@google.com ### Calin Juravle <calin@google.com>
etancohen@google.com ### Etan Cohen <etancohen@google.com>
