zyy@google.com ### Yurii Zubrytskyi <zyy@google.com>
dgross@google.com ### David Gross <dgross@google.com>
cferris@google.com ### Christopher Ferris <cferris@google.com>
narayan@google.com ### Narayan Kamath <narayan@google.com>
cco3@android.com ### Conley Owens <cco3@android.com>
leecam@google.com ### Lee Campbell <leecam@google.com>
birenbaum@google.com ### Evan Birenbaum <birenbaum@google.com>
salyzyn@google.com ### Mark Salyzyn <salyzyn@google.com>
johannkoenig@google.com ### Johann Koenig <johannkoenig@google.com>
romainguy@android.com ### Romain Guy <romainguy@android.com>
ccross@android.com ### Colin Cross <ccross@android.com>
marcone@google.com ### Marco Nelissen <marcone@google.com>
davidherman@google.com ### David Herman <davidherman@google.com>
davidben@google.com ### David Benjamin <davidben@google.com>
garnold@google.com ### Gilad Arnold <garnold@google.com>
serguei.i.katkov@intel.com ### Serguei I Katkov <serguei.i.katkov@intel.com>
jbq@android.com ### Jean-Baptiste Queru <jbq@android.com>
dkrahn@google.com ### Darren Krahn <dkrahn@google.com>
rmcilroy@google.com ### Ross McIlroy <rmcilroy@google.com>
nharold@google.com ### nharold <nharold@google.com>
william.c.roberts@intel.com ### William C Roberts <william.c.roberts@intel.com>
jplesot@google.com ### Jean-Philippe Lesot <jplesot@google.com>
yi.jang@lge.com ### yongil jang <yi.jang@lge.com>
keiji_ariyama@c-lis.co.jp ### Keiji Ariyama <keiji_ariyama@c-lis.co.jp>
vmarko@google.com ### Vladimir Marko <vmarko@google.com>
digit@google.com ### David Turner <digit@google.com>
elsk@google.com ### Yifan Hong <elsk@google.com>
johan.redestig@sonymobile.com ### Johan Redestig <johan.redestig@sonymobile.com>
aoe@google.com ### Chaoren Lin <aoe@google.com>
keescook@google.com ### Kees Cook <keescook@google.com>
srhines@google.com ### Stephen Hines <srhines@google.com>
etalvala@google.com ### Eino-Ville Talvala <etalvala@google.com>
agampe@google.com ### Andreas Gampe <agampe@google.com>
yroussel@google.com ### Yohann Roussel <yroussel@google.com>
jeffbrown@google.com ### Jeff Brown <jeffbrown@google.com>
tmakino@google.com ### Takaki Makino <tmakino@google.com>
iam@google.com ### Igor Murashkin <iam@google.com>
dmitriyz@google.com ### Dima Zavin <dmitriyz@google.com>
jmgao@google.com ### Josh Gao <jmgao@google.com>
sds@tycho.nsa.gov ### Stephen Smalley <sds@tycho.nsa.gov>
appu@google.com ### Appu Goundan <appu@google.com>
ivan.izmailov@harman.com ### Ivan Izmaylov <ivan.izmailov@harman.com>
ngeoffray@google.com ### Nicolas Geoffray <ngeoffray@google.com>
Lazar.Trsic@imgtec.com ### Lazar Trsic <Lazar.Trsic@imgtec.com>
enh@google.com ### Elliott Hughes <enh@google.com>
ddetlefs@google.com ### Dave Detlefs <ddetlefs@google.com>
viarheichyk@google.com ### Igor Viarheichyk <viarheichyk@google.com>
bdc@google.com ### Brian Carlstrom <bdc@google.com>
tnorbye@google.com ### Tor Norbye <tnorbye@google.com>
ruhler@google.com ### Richard Uhler <ruhler@google.com>
calin@google.com ### Calin Juravle <calin@google.com>
nnk@google.com ### Nick Kralevich <nnk@google.com>
hong.chen@tieto.com ### Hong Chen <hong.chen@tieto.com>
mikeioannina@gmail.com ### Michael Bestas <mikeioannina@gmail.com>
miaowang@google.com ### Miao Wang <miaowang@google.com>
rpl@google.com ### Roland Levillain <rpl@google.com>
